,Mean,Standard_deviation
age,43.226614481409,22.61264672311349
avg_glucose_level,106.1476771037182,45.28356015058198
bmi,28.893236911794666,7.854066729680164
